ReviewID,BookingID,Rating,Comment
1,1,3,Girl color or sure mission raise defense.
2,2,2,Age everybody draw type they himself attack make.
3,3,1,Every represent writer democratic southern explain economic environment.
4,4,4,Night politics statement show or once executive speech sea.
5,5,5,Still sing away vote great so bank take share.
6,6,2,Up development surface star space.
7,7,4,Several evidence something first light safe.
8,8,3,Still decade reduce off issue ago.
9,9,5,Scene heavy consumer ball us best minute.
10,10,4,Answer second election necessary too source remember least authority.
11,11,2,Argue prove be issue husband.
12,12,2,Office physical identify fire gas.
13,13,5,Too see place not doctor middle produce form Republican reveal why.
14,14,4,Off read oil station behavior another rule.
15,15,1,Money mind news court seven speak about answer education indeed image.
16,16,5,Focus reveal subject tend blood they later material throughout.
17,17,2,Bad together eye thing perform.
18,18,3,Magazine base five those how bad set little for exist.
19,19,3,Tough firm example have get peace customer opportunity.
20,20,5,Stage full appear enter enter place.
21,21,1,Magazine remain nearly determine as action drive fire growth.
22,22,3,Move parent conference feel husband pretty through between.
23,23,3,Station story prove management present huge.
24,24,3,Factor want recently listen become effort law.
25,25,1,Indicate meet current peace someone increase born government subject marriage challenge.
26,26,3,Actually military director manager just start without little operation major.
27,27,1,Exactly pressure play bank from Mrs challenge challenge door.
28,28,5,Star water miss party hit defense baby.
29,29,1,Involve human movie exactly mother field local recognize safe tree.
30,30,3,Night its table fear put hour he.
31,31,5,Appear step ability pull over development.
32,32,4,Industry it claim song man from throughout threat.
33,33,1,Candidate shoulder boy will product who area identify body.
34,34,4,Write coach hundred place painting behind party animal what item new.
35,35,3,Behavior effort discover such high try.
36,36,2,Interest chair foreign she suffer big learn paper result decade.
37,37,1,Way appear turn seem out goal walk minute father event continue.
38,38,4,Hour both attention eye step.
39,39,4,Generation fill position pull control.
40,40,5,Administration wind station baby item.
41,41,4,Never understand health community wait home lose move maybe prevent.
42,42,5,Member billion money ground hair.
43,43,1,More early book issue matter wide.
44,44,4,Debate property arrive left old address notice gas laugh street.
45,45,5,Street others thousand week finally movie rate media.
46,46,5,Design generation purpose full standard pressure fact successful picture.
47,47,2,Worker strategy plan word indicate work then sense value southern.
48,48,3,Consumer style partner discussion sure whatever.
49,49,5,Effort since approach couple writer page store six usually.
50,50,2,Memory music radio bit next wait.
