agent_id,agent_name,email,phone,region
1,Agent A,agent1@travelco.com,+918860514523,West
2,Agent B,agent2@travelco.com,+918716806128,Central
3,Agent C,agent3@travelco.com,+918600141462,Central
4,Agent D,agent4@travelco.com,+918340696084,West
5,Agent E,agent5@travelco.com,+918657830420,International
6,Agent F,agent6@travelco.com,+918957799499,Central
7,Agent G,agent7@travelco.com,+918458209399,Central
8,Agent H,agent8@travelco.com,+918478796089,South
9,Agent I,agent9@travelco.com,+918798493949,West
10,Agent J,agent10@travelco.com,+918483258726,East
11,Agent K,agent11@travelco.com,+918807214179,South
12,Agent L,agent12@travelco.com,+918901795907,International
13,Agent M,agent13@travelco.com,+918297760792,Central
14,Agent N,agent14@travelco.com,+918520332086,International
15,Agent O,agent15@travelco.com,+918256888294,East
16,Agent P,agent16@travelco.com,+918472309605,North
17,Agent Q,agent17@travelco.com,+918766162966,East
18,Agent R,agent18@travelco.com,+918251785565,East
19,Agent S,agent19@travelco.com,+918360613550,East
20,Agent T,agent20@travelco.com,+918958880263,Central
